id,name,category,price,image_path
SP001,Relaxed Fit Shirt,Shirt,725.000 VND,Shirt/SP001.jpg
SP002,Henley Shirt,Shirt,210.000 VND,Shirt/SP002.jpg
SP003,Oversized Flannel Shirt,Shirt,630.000 VND,Shirt/SP003.jpg
SP004,Henley Shirt,Shirt,150.000 VND,Shirt/SP004.jpg
SP005,Polo Shirt,Shirt,185.000 VND,Shirt/SP005.jpg
SP006,Mock Neck Shirt,Shirt,475.000 VND,Shirt/SP006.jpg
SP007,Oversized Flannel Shirt,Shirt,465.000 VND,Shirt/SP007.jpg
SP008,Mock Neck Shirt,Shirt,245.000 VND,Shirt/SP008.jpg
SP009,Hawaiian Print Shirt,Shirt,760.000 VND,Shirt/SP009.jpg
SP010,Denim Shirt,Shirt,400.000 VND,Shirt/SP010.jpg
SP011,Oversized Flannel Shirt,Shirt,545.000 VND,Shirt/SP011.jpg
SP012,Oversized Flannel Shirt,Shirt,615.000 VND,Shirt/SP012.jpg
SP013,Mandarin Collar Shirt,Shirt,240.000 VND,Shirt/SP013.jpg
SP014,Classic Oxford Shirt,Shirt,300.000 VND,Shirt/SP014.jpg
SP015,Mock Neck Shirt,Shirt,240.000 VND,Shirt/SP015.jpg
SP016,Graphic Tee Shirt,Shirt,495.000 VND,Shirt/SP016.jpg
SP017,Chambray Shirt,Shirt,305.000 VND,Shirt/SP017.jpg
SP018,Utility Shirt,Shirt,495.000 VND,Shirt/SP018.jpg
SP019,Mandarin Collar Shirt,Shirt,305.000 VND,Shirt/SP019.jpg
SP020,Utility Shirt,Shirt,485.000 VND,Shirt/SP020.jpg
SP021,Hawaiian Print Shirt,Shirt,485.000 VND,Shirt/SP021.jpg
SP022,Graphic Tee Shirt,Shirt,790.000 VND,Shirt/SP022.jpg
SP023,Graphic Tee Shirt,Shirt,520.000 VND,Shirt/SP023.jpg
SP024,Denim Shirt,Shirt,430.000 VND,Shirt/SP024.jpg
SP025,Mandarin Collar Shirt,Shirt,325.000 VND,Shirt/SP025.jpg
SP026,Denim Shirt,Shirt,535.000 VND,Shirt/SP026.jpg
SP027,Relaxed Fit Shirt,Shirt,455.000 VND,Shirt/SP027.jpg
SP028,Denim Shirt,Shirt,725.000 VND,Shirt/SP028.jpg
SP029,Striped Button-Up Shirt,Shirt,795.000 VND,Shirt/SP029.jpg
SP030,Slim Fit Dress Shirt,Shirt,285.000 VND,Shirt/SP030.jpg
SP031,Chambray Shirt,Shirt,615.000 VND,Shirt/SP031.jpg
SP032,Oversized Flannel Shirt,Shirt,585.000 VND,Shirt/SP032.jpg
SP033,Striped Button-Up Shirt,Shirt,395.000 VND,Shirt/SP033.jpg
SP034,Relaxed Fit Shirt,Shirt,420.000 VND,Shirt/SP034.jpg
SP035,Denim Shirt,Shirt,750.000 VND,Shirt/SP035.jpg
SP036,Polo Shirt,Shirt,265.000 VND,Shirt/SP036.jpg
SP037,Denim Shirt,Shirt,750.000 VND,Shirt/SP037.jpg
SP038,Slim Fit Dress Shirt,Shirt,410.000 VND,Shirt/SP038.jpg
SP039,Mock Neck Shirt,Shirt,495.000 VND,Shirt/SP039.jpg
SP040,Graphic Tee Shirt,Shirt,620.000 VND,Shirt/SP040.jpg
SP041,Utility Shirt,Shirt,280.000 VND,Shirt/SP041.jpg
SP042,Relaxed Fit Shirt,Shirt,705.000 VND,Shirt/SP042.jpg
SP043,Henley Shirt,Shirt,170.000 VND,Shirt/SP043.jpg
SP044,Classic Oxford Shirt,Shirt,330.000 VND,Shirt/SP044.jpg
SP045,Hawaiian Print Shirt,Shirt,515.000 VND,Shirt/SP045.jpg
SP046,Denim Shirt,Shirt,380.000 VND,Shirt/SP046.jpg
SP047,Polo Shirt,Shirt,625.000 VND,Shirt/SP047.jpg
SP048,Henley Shirt,Shirt,230.000 VND,Shirt/SP048.jpg
SP049,Slim Fit Dress Shirt,Shirt,435.000 VND,Shirt/SP049.jpg
SP050,Slim Fit Dress Shirt,Shirt,540.000 VND,Shirt/SP050.jpg
SP051,Graphic Tee Shirt,Shirt,390.000 VND,Shirt/SP051.jpg
SP052,Classic Oxford Shirt,Shirt,275.000 VND,Shirt/SP052.jpg
SP053,Classic Oxford Shirt,Shirt,795.000 VND,Shirt/SP053.jpg
SP054,Mandarin Collar Shirt,Shirt,725.000 VND,Shirt/SP054.jpg
SP055,Striped Button-Up Shirt,Shirt,445.000 VND,Shirt/SP055.jpg
SP056,Denim Shirt,Shirt,760.000 VND,Shirt/SP056.jpg
SP057,Chambray Shirt,Shirt,455.000 VND,Shirt/SP057.jpg
SP058,Chambray Shirt,Shirt,495.000 VND,Shirt/SP058.jpg
SP059,Utility Shirt,Shirt,745.000 VND,Shirt/SP059.jpg
SP060,Mandarin Collar Shirt,Shirt,580.000 VND,Shirt/SP060.jpg
SP061,Mandarin Collar Shirt,Shirt,355.000 VND,Shirt/SP061.jpg
SP062,Polo Shirt,Shirt,455.000 VND,Shirt/SP062.jpg
SP063,Denim Shirt,Shirt,480.000 VND,Shirt/SP063.jpg
SP064,Striped Button-Up Shirt,Shirt,220.000 VND,Shirt/SP064.jpg
SP065,Mandarin Collar Shirt,Shirt,165.000 VND,Shirt/SP065.jpg
SP066,Polo Shirt,Shirt,220.000 VND,Shirt/SP066.jpg
SP067,Slim Fit Dress Shirt,Shirt,580.000 VND,Shirt/SP067.jpg
SP068,Mock Neck Shirt,Shirt,240.000 VND,Shirt/SP068.jpg
SP069,Henley Shirt,Shirt,625.000 VND,Shirt/SP069.jpg
SP070,Henley Shirt,Shirt,760.000 VND,Shirt/SP070.jpg
SP071,Striped Button-Up Shirt,Shirt,590.000 VND,Shirt/SP071.jpg
SP072,Mock Neck Shirt,Shirt,240.000 VND,Shirt/SP072.jpg
SP073,Utility Shirt,Shirt,670.000 VND,Shirt/SP073.jpg
SP074,Casual Linen Shirt,Shirt,490.000 VND,Shirt/SP074.jpg
SP075,Hawaiian Print Shirt,Shirt,540.000 VND,Shirt/SP075.jpg
SP076,Denim Shirt,Shirt,195.000 VND,Shirt/SP076.jpg
SP077,Polo Shirt,Shirt,710.000 VND,Shirt/SP077.jpg
SP078,Chambray Shirt,Shirt,415.000 VND,Shirt/SP078.jpg
SP079,Slim Fit Dress Shirt,Shirt,160.000 VND,Shirt/SP079.jpg
SP080,Denim Shirt,Shirt,625.000 VND,Shirt/SP080.jpg
SP081,Relaxed Fit Jeans,Pant,530.000 VND,Pant/SP081.jpg
SP082,Wide Leg Trousers,Pant,985.000 VND,Pant/SP082.jpg
SP083,Slim Cut Chinos,Pant,740.000 VND,Pant/SP083.jpg
SP084,Pleated Dress Pants,Pant,895.000 VND,Pant/SP084.jpg
SP085,Cropped Linen Pants,Pant,1.020.000 VND,Pant/SP085.jpg
SP086,Relaxed Cargo Pants,Pant,1.100.000 VND,Pant/SP086.jpg
SP087,Slim Fit Chinos,Pant,345.000 VND,Pant/SP087.jpg
SP088,Utility Cargo Pants,Pant,395.000 VND,Pant/SP088.jpg
SP089,Utility Cargo Pants,Pant,1.175.000 VND,Pant/SP089.jpg
SP090,Slim Fit Chinos,Pant,555.000 VND,Pant/SP090.jpg
SP091,Slim Fit Chinos,Pant,1.120.000 VND,Pant/SP091.jpg
SP092,Formal Suit Trousers,Pant,240.000 VND,Pant/SP092.jpg
SP093,Straight Leg Jeans,Pant,255.000 VND,Pant/SP093.jpg
SP094,Cropped Linen Pants,Pant,1.030.000 VND,Pant/SP094.jpg
SP095,Classic Dress Trousers,Pant,605.000 VND,Pant/SP095.jpg
SP096,Pleated Dress Pants,Pant,710.000 VND,Pant/SP096.jpg
SP097,Straight Leg Jeans,Pant,285.000 VND,Pant/SP097.jpg
SP098,Slim Cut Chinos,Pant,845.000 VND,Pant/SP098.jpg
SP099,Slim Fit Chinos,Pant,1.135.000 VND,Pant/SP099.jpg
SP100,Stretch Slim Pants,Pant,530.000 VND,Pant/SP100.jpg
SP101,Drawstring Casual Pants,Pant,985.000 VND,Pant/SP101.jpg
SP102,Drawstring Casual Pants,Pant,505.000 VND,Pant/SP102.jpg
SP103,High Waist Trousers,Pant,1.015.000 VND,Pant/SP103.jpg
SP104,Wide Leg Trousers,Pant,930.000 VND,Pant/SP104.jpg
SP105,Slim Cut Chinos,Pant,1.070.000 VND,Pant/SP105.jpg
SP106,Utility Cargo Pants,Pant,995.000 VND,Pant/SP106.jpg
SP107,Relaxed Fit Jeans,Pant,1.045.000 VND,Pant/SP107.jpg
SP108,Straight Leg Jeans,Pant,970.000 VND,Pant/SP108.jpg
SP109,Classic Dress Trousers,Pant,420.000 VND,Pant/SP109.jpg
SP110,Classic Dress Trousers,Pant,1.070.000 VND,Pant/SP110.jpg
SP111,Pleated Dress Pants,Pant,1.100.000 VND,Pant/SP111.jpg
SP112,Utility Cargo Pants,Pant,835.000 VND,Pant/SP112.jpg
SP113,High Waist Trousers,Pant,815.000 VND,Pant/SP113.jpg
SP114,High Waist Trousers,Pant,1.110.000 VND,Pant/SP114.jpg
SP115,Tapered Jogger Pants,Pant,835.000 VND,Pant/SP115.jpg
SP116,Utility Cargo Pants,Pant,895.000 VND,Pant/SP116.jpg
SP117,Classic Dress Trousers,Pant,825.000 VND,Pant/SP117.jpg
SP118,Drawstring Casual Pants,Pant,790.000 VND,Pant/SP118.jpg
SP119,Utility Cargo Pants,Pant,1.155.000 VND,Pant/SP119.jpg
SP120,Formal Suit Trousers,Pant,480.000 VND,Pant/SP120.jpg
SP121,Pleated Dress Pants,Pant,735.000 VND,Pant/SP121.jpg
SP122,Stretch Slim Pants,Pant,1.015.000 VND,Pant/SP122.jpg
SP123,Cropped Linen Pants,Pant,765.000 VND,Pant/SP123.jpg
SP124,Stretch Slim Pants,Pant,915.000 VND,Pant/SP124.jpg
SP125,Drawstring Casual Pants,Pant,425.000 VND,Pant/SP125.jpg
SP126,Stretch Slim Pants,Pant,530.000 VND,Pant/SP126.jpg
SP127,Stretch Slim Pants,Pant,940.000 VND,Pant/SP127.jpg
SP128,Relaxed Fit Jeans,Pant,860.000 VND,Pant/SP128.jpg
SP129,Relaxed Fit Jeans,Pant,1.145.000 VND,Pant/SP129.jpg
SP130,Pleated Dress Pants,Pant,380.000 VND,Pant/SP130.jpg
SP131,Wide Leg Trousers,Pant,510.000 VND,Pant/SP131.jpg
SP132,High Waist Trousers,Pant,500.000 VND,Pant/SP132.jpg
SP133,Drawstring Casual Pants,Pant,1.195.000 VND,Pant/SP133.jpg
SP134,Pleated Dress Pants,Pant,715.000 VND,Pant/SP134.jpg
SP135,Slim Cut Chinos,Pant,250.000 VND,Pant/SP135.jpg
SP136,Utility Cargo Pants,Pant,655.000 VND,Pant/SP136.jpg
SP137,Wide Leg Trousers,Pant,490.000 VND,Pant/SP137.jpg
SP138,Stretch Slim Pants,Pant,945.000 VND,Pant/SP138.jpg
SP139,Formal Suit Trousers,Pant,1.160.000 VND,Pant/SP139.jpg
SP140,Straight Leg Jeans,Pant,795.000 VND,Pant/SP140.jpg
SP141,Cropped Linen Pants,Pant,655.000 VND,Pant/SP141.jpg
SP142,Drawstring Casual Pants,Pant,675.000 VND,Pant/SP142.jpg
SP143,Relaxed Cargo Pants,Pant,795.000 VND,Pant/SP143.jpg
SP144,Drawstring Casual Pants,Pant,770.000 VND,Pant/SP144.jpg
SP145,Drawstring Casual Pants,Pant,1.060.000 VND,Pant/SP145.jpg
SP146,Classic Dress Trousers,Pant,1.000.000 VND,Pant/SP146.jpg
SP147,Slim Fit Chinos,Pant,250.000 VND,Pant/SP147.jpg
SP148,Classic Dress Trousers,Pant,435.000 VND,Pant/SP148.jpg
SP149,Cropped Linen Pants,Pant,800.000 VND,Pant/SP149.jpg
SP150,Drawstring Casual Pants,Pant,375.000 VND,Pant/SP150.jpg
SP151,Pleated Dress Pants,Pant,1.120.000 VND,Pant/SP151.jpg
SP152,Cropped Linen Pants,Pant,405.000 VND,Pant/SP152.jpg
SP153,Utility Cargo Pants,Pant,215.000 VND,Pant/SP153.jpg
SP154,Relaxed Cargo Pants,Pant,1.035.000 VND,Pant/SP154.jpg
SP155,Relaxed Fit Jeans,Pant,1.065.000 VND,Pant/SP155.jpg
SP156,Cropped Linen Pants,Pant,310.000 VND,Pant/SP156.jpg
SP157,Pleated Dress Pants,Pant,1.035.000 VND,Pant/SP157.jpg
SP158,Wide Leg Trousers,Pant,765.000 VND,Pant/SP158.jpg
SP159,Pleated Dress Pants,Pant,880.000 VND,Pant/SP159.jpg
SP160,Classic Dress Trousers,Pant,870.000 VND,Pant/SP160.jpg
SP161,Bodycon Mini Dress,Dress,1.035.000 VND,Dress/SP161.jpg
SP162,Pleated Sundress,Dress,975.000 VND,Dress/SP162.jpg
SP163,A-Line Day Dress,Dress,1.145.000 VND,Dress/SP163.jpg
SP164,Elegant Evening Gown,Dress,1.285.000 VND,Dress/SP164.jpg
SP165,Off Shoulder Dress,Dress,1.995.000 VND,Dress/SP165.jpg
SP166,Elegant Evening Gown,Dress,1.615.000 VND,Dress/SP166.jpg
SP167,Shirt Dress,Dress,1.065.000 VND,Dress/SP167.jpg
SP168,Ruffle Hem Dress,Dress,1.655.000 VND,Dress/SP168.jpg
SP169,Casual Wrap Dress,Dress,1.750.000 VND,Dress/SP169.jpg
SP170,Ruffle Hem Dress,Dress,455.000 VND,Dress/SP170.jpg
SP171,Ruffle Hem Dress,Dress,1.510.000 VND,Dress/SP171.jpg
SP172,Bodycon Mini Dress,Dress,1.635.000 VND,Dress/SP172.jpg
SP173,Shirt Dress,Dress,525.000 VND,Dress/SP173.jpg
SP174,Pleated Sundress,Dress,1.080.000 VND,Dress/SP174.jpg
SP175,Elegant Evening Gown,Dress,295.000 VND,Dress/SP175.jpg
SP176,Smocked Floral Dress,Dress,1.435.000 VND,Dress/SP176.jpg
SP177,Casual Wrap Dress,Dress,960.000 VND,Dress/SP177.jpg
SP178,Floral Midi Dress,Dress,965.000 VND,Dress/SP178.jpg
SP179,Bodycon Mini Dress,Dress,1.755.000 VND,Dress/SP179.jpg
SP180,Boho Maxi Dress,Dress,1.225.000 VND,Dress/SP180.jpg
SP181,A-Line Day Dress,Dress,1.390.000 VND,Dress/SP181.jpg
SP182,Knit Sweater Dress,Dress,1.405.000 VND,Dress/SP182.jpg
SP183,Satin Slip Dress,Dress,1.870.000 VND,Dress/SP183.jpg
SP184,Pleated Sundress,Dress,1.725.000 VND,Dress/SP184.jpg
SP185,Lace Cocktail Dress,Dress,1.770.000 VND,Dress/SP185.jpg
SP186,A-Line Day Dress,Dress,1.210.000 VND,Dress/SP186.jpg
SP187,Asymmetric Hem Dress,Dress,1.465.000 VND,Dress/SP187.jpg
SP188,Asymmetric Hem Dress,Dress,1.685.000 VND,Dress/SP188.jpg
SP189,Shirt Dress,Dress,1.575.000 VND,Dress/SP189.jpg
SP190,Asymmetric Hem Dress,Dress,410.000 VND,Dress/SP190.jpg
SP191,Bodycon Mini Dress,Dress,700.000 VND,Dress/SP191.jpg
SP192,Smocked Floral Dress,Dress,1.765.000 VND,Dress/SP192.jpg
SP193,Satin Slip Dress,Dress,1.265.000 VND,Dress/SP193.jpg
SP194,Casual Wrap Dress,Dress,1.875.000 VND,Dress/SP194.jpg
SP195,Smocked Floral Dress,Dress,1.890.000 VND,Dress/SP195.jpg
SP196,Pleated Sundress,Dress,665.000 VND,Dress/SP196.jpg
SP197,Pleated Sundress,Dress,525.000 VND,Dress/SP197.jpg
SP198,Boho Maxi Dress,Dress,260.000 VND,Dress/SP198.jpg
SP199,Knit Sweater Dress,Dress,1.065.000 VND,Dress/SP199.jpg
SP200,Knit Sweater Dress,Dress,1.645.000 VND,Dress/SP200.jpg
SP201,Floral Midi Dress,Dress,390.000 VND,Dress/SP201.jpg
SP202,Casual Wrap Dress,Dress,965.000 VND,Dress/SP202.jpg
SP203,Bodycon Mini Dress,Dress,1.530.000 VND,Dress/SP203.jpg
SP204,Elegant Evening Gown,Dress,960.000 VND,Dress/SP204.jpg
SP205,Lace Cocktail Dress,Dress,1.670.000 VND,Dress/SP205.jpg
SP206,Smocked Floral Dress,Dress,555.000 VND,Dress/SP206.jpg
SP207,Pleated Sundress,Dress,760.000 VND,Dress/SP207.jpg
SP208,Lace Cocktail Dress,Dress,1.510.000 VND,Dress/SP208.jpg
SP209,Lace Cocktail Dress,Dress,1.295.000 VND,Dress/SP209.jpg
SP210,Asymmetric Hem Dress,Dress,1.025.000 VND,Dress/SP210.jpg
SP211,Off Shoulder Dress,Dress,465.000 VND,Dress/SP211.jpg
SP212,Satin Slip Dress,Dress,1.410.000 VND,Dress/SP212.jpg
SP213,Elegant Evening Gown,Dress,1.815.000 VND,Dress/SP213.jpg
SP214,Smocked Floral Dress,Dress,380.000 VND,Dress/SP214.jpg
SP215,Lace Cocktail Dress,Dress,1.800.000 VND,Dress/SP215.jpg
SP216,Knit Sweater Dress,Dress,1.565.000 VND,Dress/SP216.jpg
SP217,Floral Midi Dress,Dress,1.645.000 VND,Dress/SP217.jpg
SP218,Boho Maxi Dress,Dress,1.970.000 VND,Dress/SP218.jpg
SP219,Lace Cocktail Dress,Dress,820.000 VND,Dress/SP219.jpg
SP220,Elegant Evening Gown,Dress,295.000 VND,Dress/SP220.jpg
SP221,Casual Wrap Dress,Dress,440.000 VND,Dress/SP221.jpg
SP222,Pleated Sundress,Dress,985.000 VND,Dress/SP222.jpg
SP223,Smocked Floral Dress,Dress,1.400.000 VND,Dress/SP223.jpg
SP224,Smocked Floral Dress,Dress,505.000 VND,Dress/SP224.jpg
SP225,Knit Sweater Dress,Dress,1.705.000 VND,Dress/SP225.jpg
SP226,Floral Midi Dress,Dress,1.855.000 VND,Dress/SP226.jpg
SP227,Casual Wrap Dress,Dress,360.000 VND,Dress/SP227.jpg
SP228,Off Shoulder Dress,Dress,620.000 VND,Dress/SP228.jpg
SP229,Boho Maxi Dress,Dress,1.805.000 VND,Dress/SP229.jpg
SP230,Smocked Floral Dress,Dress,1.315.000 VND,Dress/SP230.jpg
SP231,Pleated Sundress,Dress,1.375.000 VND,Dress/SP231.jpg
SP232,Asymmetric Hem Dress,Dress,795.000 VND,Dress/SP232.jpg
SP233,Asymmetric Hem Dress,Dress,1.925.000 VND,Dress/SP233.jpg
SP234,Pleated Sundress,Dress,1.860.000 VND,Dress/SP234.jpg
SP235,Knit Sweater Dress,Dress,1.255.000 VND,Dress/SP235.jpg
SP236,Ruffle Hem Dress,Dress,1.845.000 VND,Dress/SP236.jpg
SP237,Shirt Dress,Dress,1.050.000 VND,Dress/SP237.jpg
SP238,Pleated Sundress,Dress,1.405.000 VND,Dress/SP238.jpg
SP239,Floral Midi Dress,Dress,890.000 VND,Dress/SP239.jpg
SP240,Bodycon Mini Dress,Dress,1.735.000 VND,Dress/SP240.jpg
SP241,Tailored Blazer,Outerwear,1.950.000 VND,Outerwear/SP241.jpg
SP242,Fleece Zip Jacket,Outerwear,1.105.000 VND,Outerwear/SP242.jpg
SP243,Tailored Blazer,Outerwear,770.000 VND,Outerwear/SP243.jpg
SP244,Quilted Vest,Outerwear,1.175.000 VND,Outerwear/SP244.jpg
SP245,Puffer Down Jacket,Outerwear,1.480.000 VND,Outerwear/SP245.jpg
SP246,Wool Blend Overcoat,Outerwear,860.000 VND,Outerwear/SP246.jpg
SP247,Tailored Blazer,Outerwear,1.750.000 VND,Outerwear/SP247.jpg
SP248,Camel Wrap Coat,Outerwear,2.235.000 VND,Outerwear/SP248.jpg
SP249,Leather Biker Jacket,Outerwear,2.530.000 VND,Outerwear/SP249.jpg
SP250,Sherpa Lined Jacket,Outerwear,1.090.000 VND,Outerwear/SP250.jpg
SP251,Sherpa Lined Jacket,Outerwear,1.035.000 VND,Outerwear/SP251.jpg
SP252,Sherpa Lined Jacket,Outerwear,1.710.000 VND,Outerwear/SP252.jpg
SP253,Sherpa Lined Jacket,Outerwear,1.830.000 VND,Outerwear/SP253.jpg
SP254,Classic Trench Coat,Outerwear,530.000 VND,Outerwear/SP254.jpg
SP255,Classic Trench Coat,Outerwear,2.125.000 VND,Outerwear/SP255.jpg
SP256,Tailored Blazer,Outerwear,2.780.000 VND,Outerwear/SP256.jpg
SP257,Camel Wrap Coat,Outerwear,1.150.000 VND,Outerwear/SP257.jpg
SP258,Longline Wool Coat,Outerwear,745.000 VND,Outerwear/SP258.jpg
SP259,Quilted Vest,Outerwear,2.550.000 VND,Outerwear/SP259.jpg
SP260,Quilted Vest,Outerwear,1.465.000 VND,Outerwear/SP260.jpg
SP261,Leather Biker Jacket,Outerwear,2.845.000 VND,Outerwear/SP261.jpg
SP262,Quilted Vest,Outerwear,2.420.000 VND,Outerwear/SP262.jpg
SP263,Quilted Vest,Outerwear,2.190.000 VND,Outerwear/SP263.jpg
SP264,Longline Wool Coat,Outerwear,1.590.000 VND,Outerwear/SP264.jpg
SP265,Leather Biker Jacket,Outerwear,2.910.000 VND,Outerwear/SP265.jpg
SP266,Classic Trench Coat,Outerwear,1.535.000 VND,Outerwear/SP266.jpg
SP267,Sherpa Lined Jacket,Outerwear,2.260.000 VND,Outerwear/SP267.jpg
SP268,Fleece Zip Jacket,Outerwear,2.425.000 VND,Outerwear/SP268.jpg
SP269,Tailored Blazer,Outerwear,2.330.000 VND,Outerwear/SP269.jpg
SP270,Denim Trucker Jacket,Outerwear,980.000 VND,Outerwear/SP270.jpg
SP271,Classic Trench Coat,Outerwear,2.095.000 VND,Outerwear/SP271.jpg
SP272,Hooded Windbreaker,Outerwear,1.630.000 VND,Outerwear/SP272.jpg
SP273,Longline Wool Coat,Outerwear,1.375.000 VND,Outerwear/SP273.jpg
SP274,Puffer Down Jacket,Outerwear,2.565.000 VND,Outerwear/SP274.jpg
SP275,Hooded Windbreaker,Outerwear,545.000 VND,Outerwear/SP275.jpg
SP276,Camel Wrap Coat,Outerwear,2.245.000 VND,Outerwear/SP276.jpg
SP277,Camel Wrap Coat,Outerwear,2.225.000 VND,Outerwear/SP277.jpg
SP278,Tailored Blazer,Outerwear,1.210.000 VND,Outerwear/SP278.jpg
SP279,Puffer Down Jacket,Outerwear,1.120.000 VND,Outerwear/SP279.jpg
SP280,Fleece Zip Jacket,Outerwear,2.010.000 VND,Outerwear/SP280.jpg
SP281,Classic Trench Coat,Outerwear,1.775.000 VND,Outerwear/SP281.jpg
SP282,Puffer Down Jacket,Outerwear,2.255.000 VND,Outerwear/SP282.jpg
SP283,Camel Wrap Coat,Outerwear,1.060.000 VND,Outerwear/SP283.jpg
SP284,Leather Biker Jacket,Outerwear,1.105.000 VND,Outerwear/SP284.jpg
SP285,Leather Biker Jacket,Outerwear,1.615.000 VND,Outerwear/SP285.jpg
SP286,Tailored Blazer,Outerwear,895.000 VND,Outerwear/SP286.jpg
SP287,Leather Biker Jacket,Outerwear,2.970.000 VND,Outerwear/SP287.jpg
SP288,Hooded Windbreaker,Outerwear,1.650.000 VND,Outerwear/SP288.jpg
SP289,Camel Wrap Coat,Outerwear,2.065.000 VND,Outerwear/SP289.jpg
SP290,Classic Trench Coat,Outerwear,1.580.000 VND,Outerwear/SP290.jpg
SP291,Utility Field Jacket,Outerwear,1.480.000 VND,Outerwear/SP291.jpg
SP292,Classic Trench Coat,Outerwear,2.165.000 VND,Outerwear/SP292.jpg
SP293,Longline Wool Coat,Outerwear,2.915.000 VND,Outerwear/SP293.jpg
SP294,Double Breasted Blazer,Outerwear,2.735.000 VND,Outerwear/SP294.jpg
SP295,Quilted Vest,Outerwear,2.845.000 VND,Outerwear/SP295.jpg
SP296,Hooded Windbreaker,Outerwear,2.290.000 VND,Outerwear/SP296.jpg
SP297,Wool Blend Overcoat,Outerwear,2.940.000 VND,Outerwear/SP297.jpg
SP298,Quilted Vest,Outerwear,1.715.000 VND,Outerwear/SP298.jpg
SP299,Bomber Jacket,Outerwear,1.945.000 VND,Outerwear/SP299.jpg
SP300,Tailored Blazer,Outerwear,2.130.000 VND,Outerwear/SP300.jpg
SP301,Hooded Windbreaker,Outerwear,2.575.000 VND,Outerwear/SP301.jpg
SP302,Tailored Blazer,Outerwear,2.225.000 VND,Outerwear/SP302.jpg
SP303,Sherpa Lined Jacket,Outerwear,620.000 VND,Outerwear/SP303.jpg
SP304,Classic Trench Coat,Outerwear,1.160.000 VND,Outerwear/SP304.jpg
SP305,Utility Field Jacket,Outerwear,1.940.000 VND,Outerwear/SP305.jpg
SP306,Camel Wrap Coat,Outerwear,1.580.000 VND,Outerwear/SP306.jpg
SP307,Longline Wool Coat,Outerwear,2.925.000 VND,Outerwear/SP307.jpg
SP308,Bomber Jacket,Outerwear,1.325.000 VND,Outerwear/SP308.jpg
SP309,Fleece Zip Jacket,Outerwear,1.360.000 VND,Outerwear/SP309.jpg
SP310,Camel Wrap Coat,Outerwear,1.020.000 VND,Outerwear/SP310.jpg
SP311,Leather Biker Jacket,Outerwear,1.405.000 VND,Outerwear/SP311.jpg
SP312,Leather Biker Jacket,Outerwear,1.120.000 VND,Outerwear/SP312.jpg
SP313,Fleece Zip Jacket,Outerwear,1.535.000 VND,Outerwear/SP313.jpg
SP314,Tailored Blazer,Outerwear,590.000 VND,Outerwear/SP314.jpg
SP315,Hooded Windbreaker,Outerwear,525.000 VND,Outerwear/SP315.jpg
SP316,Denim Trucker Jacket,Outerwear,2.810.000 VND,Outerwear/SP316.jpg
SP317,Double Breasted Blazer,Outerwear,1.850.000 VND,Outerwear/SP317.jpg
SP318,Fleece Zip Jacket,Outerwear,2.815.000 VND,Outerwear/SP318.jpg
SP319,Puffer Down Jacket,Outerwear,2.615.000 VND,Outerwear/SP319.jpg
SP320,Bomber Jacket,Outerwear,1.045.000 VND,Outerwear/SP320.jpg
SP321,Moccasin Loafers,Shoes,1.875.000 VND,Shoes/SP321.jpg
SP322,Block Heel Mules,Shoes,1.825.000 VND,Shoes/SP322.jpg
SP323,Knit Running Shoes,Shoes,1.420.000 VND,Shoes/SP323.jpg
SP324,Espadrille Flats,Shoes,1.320.000 VND,Shoes/SP324.jpg
SP325,Canvas High Tops,Shoes,2.190.000 VND,Shoes/SP325.jpg
SP326,Running Sports Shoes,Shoes,645.000 VND,Shoes/SP326.jpg
SP327,Espadrille Flats,Shoes,1.655.000 VND,Shoes/SP327.jpg
SP328,Espadrille Flats,Shoes,2.355.000 VND,Shoes/SP328.jpg
SP329,Platform Sandals,Shoes,995.000 VND,Shoes/SP329.jpg
SP330,Chunky Sole Boots,Shoes,430.000 VND,Shoes/SP330.jpg
SP331,Platform Sandals,Shoes,635.000 VND,Shoes/SP331.jpg
SP332,Canvas High Tops,Shoes,1.380.000 VND,Shoes/SP332.jpg
SP333,Lace-Up Derby Shoes,Shoes,1.215.000 VND,Shoes/SP333.jpg
SP334,Platform Sandals,Shoes,590.000 VND,Shoes/SP334.jpg
SP335,Canvas High Tops,Shoes,1.345.000 VND,Shoes/SP335.jpg
SP336,Running Sports Shoes,Shoes,910.000 VND,Shoes/SP336.jpg
SP337,Moccasin Loafers,Shoes,2.205.000 VND,Shoes/SP337.jpg
SP338,Block Heel Mules,Shoes,2.460.000 VND,Shoes/SP338.jpg
SP339,Chunky Sole Boots,Shoes,350.000 VND,Shoes/SP339.jpg
SP340,Platform Sandals,Shoes,2.265.000 VND,Shoes/SP340.jpg
SP341,Block Heel Mules,Shoes,2.160.000 VND,Shoes/SP341.jpg
SP342,Moccasin Loafers,Shoes,300.000 VND,Shoes/SP342.jpg
SP343,Block Heel Mules,Shoes,1.590.000 VND,Shoes/SP343.jpg
SP344,Platform Sandals,Shoes,2.380.000 VND,Shoes/SP344.jpg
SP345,Canvas High Tops,Shoes,2.465.000 VND,Shoes/SP345.jpg
SP346,Suede Desert Boots,Shoes,2.285.000 VND,Shoes/SP346.jpg
SP347,Classic White Sneakers,Shoes,1.295.000 VND,Shoes/SP347.jpg
SP348,Espadrille Flats,Shoes,2.135.000 VND,Shoes/SP348.jpg
SP349,Suede Desert Boots,Shoes,2.420.000 VND,Shoes/SP349.jpg
SP350,Knit Running Shoes,Shoes,1.825.000 VND,Shoes/SP350.jpg
SP351,Moccasin Loafers,Shoes,1.790.000 VND,Shoes/SP351.jpg
SP352,Block Heel Mules,Shoes,1.495.000 VND,Shoes/SP352.jpg
SP353,Canvas High Tops,Shoes,1.335.000 VND,Shoes/SP353.jpg
SP354,Platform Sandals,Shoes,1.755.000 VND,Shoes/SP354.jpg
SP355,Classic White Sneakers,Shoes,1.685.000 VND,Shoes/SP355.jpg
SP356,Running Sports Shoes,Shoes,905.000 VND,Shoes/SP356.jpg
SP357,Chelsea Boots,Shoes,2.300.000 VND,Shoes/SP357.jpg
SP358,Platform Sandals,Shoes,1.510.000 VND,Shoes/SP358.jpg
SP359,Slip-On Loafers,Shoes,1.800.000 VND,Shoes/SP359.jpg
SP360,Platform Sandals,Shoes,400.000 VND,Shoes/SP360.jpg
SP361,Suede Desert Boots,Shoes,1.625.000 VND,Shoes/SP361.jpg
SP362,Slip-On Loafers,Shoes,900.000 VND,Shoes/SP362.jpg
SP363,Platform Sandals,Shoes,2.275.000 VND,Shoes/SP363.jpg
SP364,Chelsea Boots,Shoes,1.125.000 VND,Shoes/SP364.jpg
SP365,Chunky Sole Boots,Shoes,2.020.000 VND,Shoes/SP365.jpg
SP366,Suede Desert Boots,Shoes,645.000 VND,Shoes/SP366.jpg
SP367,Espadrille Flats,Shoes,520.000 VND,Shoes/SP367.jpg
SP368,Ankle Strap Heels,Shoes,1.040.000 VND,Shoes/SP368.jpg
SP369,Slip-On Loafers,Shoes,385.000 VND,Shoes/SP369.jpg
SP370,Canvas High Tops,Shoes,1.220.000 VND,Shoes/SP370.jpg
SP371,Suede Desert Boots,Shoes,845.000 VND,Shoes/SP371.jpg
SP372,Chunky Sole Boots,Shoes,1.885.000 VND,Shoes/SP372.jpg
SP373,Running Sports Shoes,Shoes,1.935.000 VND,Shoes/SP373.jpg
SP374,Running Sports Shoes,Shoes,2.395.000 VND,Shoes/SP374.jpg
SP375,Chelsea Boots,Shoes,370.000 VND,Shoes/SP375.jpg
SP376,Leather Oxford Shoes,Shoes,1.425.000 VND,Shoes/SP376.jpg
SP377,Platform Sandals,Shoes,1.850.000 VND,Shoes/SP377.jpg
SP378,Lace-Up Derby Shoes,Shoes,300.000 VND,Shoes/SP378.jpg
SP379,Canvas High Tops,Shoes,2.035.000 VND,Shoes/SP379.jpg
SP380,Ankle Strap Heels,Shoes,1.870.000 VND,Shoes/SP380.jpg
SP381,Leather Oxford Shoes,Shoes,340.000 VND,Shoes/SP381.jpg
SP382,Espadrille Flats,Shoes,1.150.000 VND,Shoes/SP382.jpg
SP383,Ankle Strap Heels,Shoes,1.760.000 VND,Shoes/SP383.jpg
SP384,Running Sports Shoes,Shoes,2.320.000 VND,Shoes/SP384.jpg
SP385,Chunky Sole Boots,Shoes,1.180.000 VND,Shoes/SP385.jpg
SP386,Lace-Up Derby Shoes,Shoes,620.000 VND,Shoes/SP386.jpg
SP387,Knit Running Shoes,Shoes,715.000 VND,Shoes/SP387.jpg
SP388,Chelsea Boots,Shoes,1.725.000 VND,Shoes/SP388.jpg
SP389,Slip-On Loafers,Shoes,805.000 VND,Shoes/SP389.jpg
SP390,Platform Sandals,Shoes,1.320.000 VND,Shoes/SP390.jpg
SP391,Block Heel Mules,Shoes,1.070.000 VND,Shoes/SP391.jpg
SP392,Moccasin Loafers,Shoes,640.000 VND,Shoes/SP392.jpg
SP393,Suede Desert Boots,Shoes,1.045.000 VND,Shoes/SP393.jpg
SP394,Knit Running Shoes,Shoes,780.000 VND,Shoes/SP394.jpg
SP395,Chelsea Boots,Shoes,1.780.000 VND,Shoes/SP395.jpg
SP396,Moccasin Loafers,Shoes,1.660.000 VND,Shoes/SP396.jpg
SP397,Espadrille Flats,Shoes,1.825.000 VND,Shoes/SP397.jpg
SP398,Canvas High Tops,Shoes,1.670.000 VND,Shoes/SP398.jpg
SP399,Leather Oxford Shoes,Shoes,955.000 VND,Shoes/SP399.jpg
SP400,Classic White Sneakers,Shoes,1.315.000 VND,Shoes/SP400.jpg
SP401,Wool Bucket Hat,Hat,390.000 VND,Hat/SP401.jpg
SP402,Wool Bucket Hat,Hat,545.000 VND,Hat/SP402.jpg
SP403,Vintage Washed Cap,Hat,150.000 VND,Hat/SP403.jpg
SP404,Packable Sun Hat,Hat,390.000 VND,Hat/SP404.jpg
SP405,Wool Bucket Hat,Hat,310.000 VND,Hat/SP405.jpg
SP406,Trucker Mesh Cap,Hat,200.000 VND,Hat/SP406.jpg
SP407,Fleece Earflap Hat,Hat,645.000 VND,Hat/SP407.jpg
SP408,Trucker Mesh Cap,Hat,680.000 VND,Hat/SP408.jpg
SP409,Fleece Earflap Hat,Hat,525.000 VND,Hat/SP409.jpg
SP410,Floppy Straw Hat,Hat,130.000 VND,Hat/SP410.jpg
SP411,Wool Bucket Hat,Hat,575.000 VND,Hat/SP411.jpg
SP412,Floppy Straw Hat,Hat,320.000 VND,Hat/SP412.jpg
SP413,Trucker Mesh Cap,Hat,175.000 VND,Hat/SP413.jpg
SP414,Classic Baseball Cap,Hat,130.000 VND,Hat/SP414.jpg
SP415,Five Panel Camp Cap,Hat,130.000 VND,Hat/SP415.jpg
SP416,Ribbed Skull Cap,Hat,410.000 VND,Hat/SP416.jpg
SP417,Ribbed Skull Cap,Hat,720.000 VND,Hat/SP417.jpg
SP418,Packable Sun Hat,Hat,505.000 VND,Hat/SP418.jpg
SP419,Flat Brim Cap,Hat,470.000 VND,Hat/SP419.jpg
SP420,Wide Brim Sun Hat,Hat,745.000 VND,Hat/SP420.jpg
SP421,Knit Beanie Hat,Hat,580.000 VND,Hat/SP421.jpg
SP422,Vintage Washed Cap,Hat,155.000 VND,Hat/SP422.jpg
SP423,Five Panel Camp Cap,Hat,600.000 VND,Hat/SP423.jpg
SP424,Flat Brim Cap,Hat,620.000 VND,Hat/SP424.jpg
SP425,Lightweight Running Cap,Hat,670.000 VND,Hat/SP425.jpg
SP426,Corduroy Dad Hat,Hat,390.000 VND,Hat/SP426.jpg
SP427,Flat Brim Cap,Hat,790.000 VND,Hat/SP427.jpg
SP428,Trucker Mesh Cap,Hat,215.000 VND,Hat/SP428.jpg
SP429,Knit Beanie Hat,Hat,195.000 VND,Hat/SP429.jpg
SP430,Structured Snapback Cap,Hat,700.000 VND,Hat/SP430.jpg
SP431,Wide Brim Sun Hat,Hat,555.000 VND,Hat/SP431.jpg
SP432,Trucker Mesh Cap,Hat,160.000 VND,Hat/SP432.jpg
SP433,Floppy Straw Hat,Hat,595.000 VND,Hat/SP433.jpg
SP434,Trucker Mesh Cap,Hat,700.000 VND,Hat/SP434.jpg
SP435,Wide Brim Sun Hat,Hat,655.000 VND,Hat/SP435.jpg
SP436,Knit Beanie Hat,Hat,430.000 VND,Hat/SP436.jpg
SP437,Packable Sun Hat,Hat,760.000 VND,Hat/SP437.jpg
SP438,Wool Bucket Hat,Hat,130.000 VND,Hat/SP438.jpg
SP439,Flat Brim Cap,Hat,440.000 VND,Hat/SP439.jpg
SP440,Corduroy Dad Hat,Hat,110.000 VND,Hat/SP440.jpg
SP441,Packable Sun Hat,Hat,715.000 VND,Hat/SP441.jpg
SP442,Flat Brim Cap,Hat,335.000 VND,Hat/SP442.jpg
SP443,Trucker Mesh Cap,Hat,165.000 VND,Hat/SP443.jpg
SP444,Knit Beanie Hat,Hat,460.000 VND,Hat/SP444.jpg
SP445,Flat Brim Cap,Hat,535.000 VND,Hat/SP445.jpg
SP446,Wide Brim Sun Hat,Hat,600.000 VND,Hat/SP446.jpg
SP447,Five Panel Camp Cap,Hat,310.000 VND,Hat/SP447.jpg
SP448,Five Panel Camp Cap,Hat,200.000 VND,Hat/SP448.jpg
SP449,Ribbed Skull Cap,Hat,635.000 VND,Hat/SP449.jpg
SP450,Ribbed Skull Cap,Hat,225.000 VND,Hat/SP450.jpg
SP451,Corduroy Dad Hat,Hat,475.000 VND,Hat/SP451.jpg
SP452,Ribbed Skull Cap,Hat,550.000 VND,Hat/SP452.jpg
SP453,Corduroy Dad Hat,Hat,350.000 VND,Hat/SP453.jpg
SP454,Floppy Straw Hat,Hat,520.000 VND,Hat/SP454.jpg
SP455,Lightweight Running Cap,Hat,560.000 VND,Hat/SP455.jpg
SP456,Wide Brim Sun Hat,Hat,625.000 VND,Hat/SP456.jpg
SP457,Lightweight Running Cap,Hat,630.000 VND,Hat/SP457.jpg
SP458,Trucker Mesh Cap,Hat,140.000 VND,Hat/SP458.jpg
SP459,Five Panel Camp Cap,Hat,305.000 VND,Hat/SP459.jpg
SP460,Wool Bucket Hat,Hat,650.000 VND,Hat/SP460.jpg
SP461,Wide Brim Sun Hat,Hat,105.000 VND,Hat/SP461.jpg
SP462,Floppy Straw Hat,Hat,205.000 VND,Hat/SP462.jpg
SP463,Ribbed Skull Cap,Hat,230.000 VND,Hat/SP463.jpg
SP464,Classic Baseball Cap,Hat,570.000 VND,Hat/SP464.jpg
SP465,Knit Beanie Hat,Hat,780.000 VND,Hat/SP465.jpg
SP466,Packable Sun Hat,Hat,445.000 VND,Hat/SP466.jpg
SP467,Fleece Earflap Hat,Hat,655.000 VND,Hat/SP467.jpg
SP468,Wide Brim Sun Hat,Hat,700.000 VND,Hat/SP468.jpg
SP469,Fleece Earflap Hat,Hat,355.000 VND,Hat/SP469.jpg
SP470,Wide Brim Sun Hat,Hat,560.000 VND,Hat/SP470.jpg
SP471,Structured Snapback Cap,Hat,675.000 VND,Hat/SP471.jpg
SP472,Flat Brim Cap,Hat,165.000 VND,Hat/SP472.jpg
SP473,Flat Brim Cap,Hat,260.000 VND,Hat/SP473.jpg
SP474,Packable Sun Hat,Hat,640.000 VND,Hat/SP474.jpg
SP475,Lightweight Running Cap,Hat,300.000 VND,Hat/SP475.jpg
SP476,Floppy Straw Hat,Hat,495.000 VND,Hat/SP476.jpg
SP477,Structured Snapback Cap,Hat,715.000 VND,Hat/SP477.jpg
SP478,Wide Brim Sun Hat,Hat,720.000 VND,Hat/SP478.jpg
SP479,Packable Sun Hat,Hat,770.000 VND,Hat/SP479.jpg
SP480,Wool Bucket Hat,Hat,685.000 VND,Hat/SP480.jpg